<?xml version="1.0" encoding="utf-8"?>
<items>
    <protection label="Leather Armor" ch="0x00BF">
        <effect stat="maxHp" value="5.0" />
        <effect stat="res" value="1.0" />
    </protection>

    <potion label="Healing Potion" ch="0x00BF">
        <effect stat="hp" value="10.0" />
    </potion>

    <potion label="Mana Potion" ch="0x00BF">
        <effect stat="mp" value="10.0" />
    </potion>

    <potion label="Strength Potion" ch="0x00BF">
        <effect stat="str" value="1.0" />
    </potion>

    <herb label="Poison Herbs" ch="0x00BF" >
        <effect stat="hp" value="-2.0" />
        <effect stat="maxHp" value="-2.0" />
    </herb>

    <herb label="Trial Herbs" ch="0x00BF" >
        <effect stat="hp" value="-4.0" />
        <effect stat="maxHp" value="-4.0" />
        <effect stat="str" value="4.0" />
        <effect stat="dex" value="4.0" />
    </herb>

    <herb label="Healing Herbs" ch="0x00BF" >
        <effect stat="hp" value="5.0" />
    </herb>

    <herb label="Miraculous Herbs" ch="0x00BF" >
        <effect stat="hp" value="5.0" />
        <effect stat="maxHp" value="5.0" />
    </herb>

    <weapon label="Longsword" range="0" durability="0"  ch="0x00BF">
        <bonusStats>
            <effect stat="str" value="2.0" />
            <effect stat="dex" value="1.0" />
        </bonusStats>
        <areaOfEffect>
            <square fd="1.0" rd="0.0" stat="str" pot="1.0" /> 
        </areaOfEffect>
    </weapon>

    <weapon label="Dagger" range="0" durability="0"  ch="0x00BF">
        <bonusStats>
            <effect stat="dex" value="2.0" />
        </bonusStats>
        <areaOfEffect>
            <square fd="1.0" rd="0.0" stat="dex" pot="1.0" /> 
        </areaOfEffect>
    </weapon>

    <weapon label="Axe" range="0" durability="0"  ch="0x00BF">
        <areaOfEffect>
            <square fd="1.0" rd="0.0" stat="str" pot="0.8" /> 
            <square fd="1.0" rd="1.0" stat="str" pot="0.5" /> 
            <square fd="1.0" rd="-1.0" stat="str" pot="0.5" /> 
        </areaOfEffect>
    </weapon>

    <weapon label="Bow" range="20" durability="20"  ch="0x00BF" >
        <bonusStats>
            <effect stat="dex" value="1.0" />
        </bonusStats>
        <areaOfEffect>
            <square fd="0.0" rd="0.0" stat="dex" pot="0.8" /> 
        </areaOfEffect>
    </weapon>

    <weapon label="Wand Of Explosive Fire" range="5" durability="0"  ch="0x00BF">
        <areaOfEffect>
            <square fd="0.0" rd="0.0" stat="mnd" pot="0.6" />
            <square fd="1.0" rd="0.0" stat="mnd" pot="0.4" />
            <square fd="0.0" rd="1.0" stat="mnd" pot="0.4" />
            <square fd="-1.0" rd="0.0" stat="mnd" pot="0.4" />
            <square fd="0.0" rd="-1.0" stat="mnd" pot="0.4" />
        </areaOfEffect>
    </weapon>

    <weapon label="Bomb" range="0" durability="1"  ch="0x00BF">
        <areaOfEffect>
            <square fd="1.0" rd="-1.0" stat="none" pot="10.0" />
            <square fd="2.0" rd="-1.0" stat="none" pot="10.0" />
            <square fd="3.0" rd="-1.0" stat="none" pot="10.0" />
            <square fd="1.0" rd="0.0" stat="none" pot="10.0" />
            <square fd="2.0" rd="0.0" stat="none" pot="10.0" />
            <square fd="3.0" rd="0.0" stat="none" pot="10.0" />
            <square fd="1.0" rd="1.0" stat="none" pot="10.0" />
            <square fd="2.0" rd="1.0" stat="none" pot="10.0" />
            <square fd="3.0" rd="1.0" stat="none" pot="10.0" />        
        </areaOfEffect>
    </weapon>

    <scroll label="Magic Missle" mpCost="2.0" range="20" ch="0x00FE" >
        <areaOfEffect>
            <square fd="0.0" rd="0.0" stat="mnd" pot="2.0" /> 
        </areaOfEffect>
    </scroll>

    <scroll label="Healing Word" mpCost="1.0" range="0"  ch="0x00FE" >
        <selfEffects>
            <effect stat="hp" pot="2.0" potStat="wis" />
        </selfEffects>
    </scroll>

    <scroll label="Guiding Light" mpCost="3.0" range="20" ch="0x00FE" >
        <selfEffects>
            <effect stat="hp" pot="2.0" potStat="wis" />
        </selfEffects>
        <areaOfEffect>
            <square fd="0.0" rd="0.0" stat="mnd" pot="1.2" /> 
        </areaOfEffect>
    </scroll>

    <scroll label="Aura Burn" mpCost="2.0" range="0"  ch="0x00FE" >
        <areaOfEffect>
            <square fd="-1.0" rd="-1.0" stat="mnd" pot="0.6" /> 
            <square fd="0.0" rd="-1.0" stat="mnd" pot="0.6" /> 
            <square fd="1.0" rd="-1.0" stat="mnd" pot="0.6" /> 
            <square fd="-1.0" rd="0.0" stat="mnd" pot="0.6" /> 
            <square fd="0.0" rd="0.0" stat="mnd" pot="0.6" /> 
            <square fd="-1.0" rd="0.0" stat="mnd" pot="0.6" /> 
            <square fd="1.0" rd="0.0" stat="mnd" pot="0.6" /> 
            <square fd="-1.0" rd="1.0" stat="mnd" pot="0.6" /> 
            <square fd="0.0" rd="1.0" stat="mnd" pot="0.6" /> 
            <square fd="1.0" rd="1.0" stat="mnd" pot="0.6" /> 
        </areaOfEffect>
    </scroll>
</items>
