<?xml version="1.0" encoding="utf-8"?>
<Game w="100" h="100" exitX="32" exitY="6" chExit="0x00BB" chPath="0x0023" chFog="0x003F">
	<Rooms>
		<Room id="4" label="" x="22" y="2" width="13" height="7" chWall="0x2593" chFloor="0x00B7">
			<Doors>
				<Door id="1" connectedDoorId="2" connectedRoomId="9" x="0" y="4" room="" locked="0" chOpen="0x004F" chLocked="0x00D8"/>
				<Door id="53" connectedDoorId="0" connectedRoomId="0" x="11" y="6" room="" locked="1" chOpen="0x004F" chLocked="0x00D8"/>
			</Doors>
			<Enemies>
				<Enemy label="Lance Knight" x="6" y="5"/>
				<Enemy label="Goblin" x="5" y="1"/>
			</Enemies>
			<Loots>
				<Loot x="3" y="1" type="key" label="2"/>
				<Loot x="8" y="4" type="gp" label="2"/>
			</Loots>
		</Room>
		<Room id="5" label="" x="50" y="65" width="10" height="6" chWall="0x2593" chFloor="0x00B7">
			<Doors>
				<Door id="7" connectedDoorId="8" connectedRoomId="12" x="9" y="1" room="" locked="1" chOpen="0x004F" chLocked="0x00D8"/>
				<Door id="14" connectedDoorId="0" connectedRoomId="0" x="6" y="5" room="" locked="1" chOpen="0x004F" chLocked="0x00D8"/>
				<Door id="15" connectedDoorId="16" connectedRoomId="17" x="6" y="0" room="" locked="1" chOpen="0x004F" chLocked="0x00D8"/>
				<Door id="60" connectedDoorId="0" connectedRoomId="0" x="0" y="4" room="" locked="1" chOpen="0x004F" chLocked="0x00D8"/>
				<Door id="61" connectedDoorId="0" connectedRoomId="0" x="9" y="4" room="" locked="0" chOpen="0x004F" chLocked="0x00D8"/>
			</Doors>
			<Enemies>
				<Enemy label="Lance Knight" x="1" y="4"/>
			</Enemies>
			<Loots>
				<Loot x="3" y="2" type="herb" label="Trial Herbs"/>
				<Loot x="3" y="1" type="weapon" label="Longsword"/>
				<Loot x="5" y="2" type="gp" label="14"/>
				<Loot x="2" y="1" type="weapon" label="Wand Of Explosive Fire"/>
			</Loots>
		</Room>
		<Room id="6" label="" x="36" y="22" width="8" height="11" chWall="0x2593" chFloor="0x00B7">
			<Doors>
				<Door id="9" connectedDoorId="10" connectedRoomId="9" x="0" y="5" room="" locked="1" chOpen="0x004F" chLocked="0x00D8"/>
				<Door id="47" connectedDoorId="0" connectedRoomId="0" x="7" y="2" room="" locked="0" chOpen="0x004F" chLocked="0x00D8"/>
				<Door id="48" connectedDoorId="49" connectedRoomId="22" x="0" y="2" room="" locked="1" chOpen="0x004F" chLocked="0x00D8"/>
			</Doors>
			<Enemies>
				<Enemy label="Lance Knight" x="4" y="5"/>
			</Enemies>
			<Loots>
				<Loot x="1" y="1" type="scroll" label="Magic Missle"/>
				<Loot x="1" y="3" type="key" label="2"/>
				<Loot x="4" y="8" type="herb" label="Miraculous Herbs"/>
			</Loots>
		</Room>
		<Room id="7" label="" x="24" y="75" width="15" height="6" chWall="0x2593" chFloor="0x00B7">
			<Doors>
				<Door id="11" connectedDoorId="12" connectedRoomId="13" x="14" y="2" room="" locked="0" chOpen="0x004F" chLocked="0x00D8"/>
				<Door id="26" connectedDoorId="0" connectedRoomId="0" x="2" y="0" room="" locked="1" chOpen="0x004F" chLocked="0x00D8"/>
				<Door id="27" connectedDoorId="28" connectedRoomId="19" x="2" y="5" room="" locked="1" chOpen="0x004F" chLocked="0x00D8"/>
			</Doors>
			<Enemies>
				<Enemy label="Wolf" x="1" y="2"/>
				<Enemy label="Goblin" x="5" y="2"/>
			</Enemies>
			<Loots>
				<Loot x="10" y="4" type="herb" label="Healing Herbs"/>
				<Loot x="1" y="1" type="gp" label="6"/>
				<Loot x="7" y="3" type="gp" label="13"/>
			</Loots>
		</Room>
		<Room id="8" label="" x="10" y="46" width="14" height="14" chWall="0x2593" chFloor="0x00B7">
			<Doors>
				<Door id="4" connectedDoorId="0" connectedRoomId="0" x="9" y="0" room="" locked="1" chOpen="0x004F" chLocked="0x00D8"/>
				<Door id="5" connectedDoorId="6" connectedRoomId="21" x="9" y="13" room="" locked="0" chOpen="0x004F" chLocked="0x00D8"/>
				<Door id="19" connectedDoorId="20" connectedRoomId="10" x="13" y="1" room="" locked="0" chOpen="0x004F" chLocked="0x00D8"/>
			</Doors>
			<Enemies>
				<Enemy label="Lance Knight" x="8" y="2"/>
			</Enemies>
			<Loots>
				<Loot x="3" y="1" type="gp" label="4"/>
				<Loot x="10" y="8" type="gp" label="5"/>
			</Loots>
		</Room>
		<Room id="9" label="" x="14" y="26" width="10" height="13" chWall="0x2593" chFloor="0x00B7">
			<Doors>
				<Door id="2" connectedDoorId="0" connectedRoomId="0" x="5" y="0" room="" locked="0" chOpen="0x004F" chLocked="0x00D8"/>
				<Door id="3" connectedDoorId="4" connectedRoomId="8" x="5" y="12" room="" locked="1" chOpen="0x004F" chLocked="0x00D8"/>
				<Door id="10" connectedDoorId="0" connectedRoomId="0" x="9" y="1" room="" locked="1" chOpen="0x004F" chLocked="0x00D8"/>
				<Door id="23" connectedDoorId="24" connectedRoomId="16" x="9" y="9" room="" locked="1" chOpen="0x004F" chLocked="0x00D8"/>
			</Doors>
			<Enemies>
				<Enemy label="Lance Knight" x="4" y="5"/>
			</Enemies>
			<Loots>
				<Loot x="7" y="4" type="weapon" label="Wand Of Explosive Fire"/>
			</Loots>
		</Room>
		<Room id="10" label="" x="41" y="45" width="15" height="11" chWall="0x2593" chFloor="0x00B7">
			<Doors>
				<Door id="20" connectedDoorId="21" connectedRoomId="20" x="0" y="2" room="" locked="0" chOpen="0x004F" chLocked="0x00D8"/>
				<Door id="25" connectedDoorId="26" connectedRoomId="7" x="0" y="9" room="" locked="1" chOpen="0x004F" chLocked="0x00D8"/>
			</Doors>
			<Enemies>
				<Enemy label="Lance Knight" x="11" y="8"/>
				<Enemy label="Goblin" x="3" y="4"/>
			</Enemies>
			<Loots>
				<Loot x="11" y="3" type="gp" label="4"/>
				<Loot x="4" y="2" type="herb" label="Trial Herbs"/>
				<Loot x="8" y="6" type="scroll" label="Magic Missle"/>
			</Loots>
		</Room>
		<Room id="11" label="" x="56" y="10" width="12" height="12" chWall="0x2593" chFloor="0x00B7">
			<Doors>
				<Door id="29" connectedDoorId="30" connectedRoomId="15" x="11" y="1" room="" locked="1" chOpen="0x004F" chLocked="0x00D8"/>
				<Door id="45" connectedDoorId="0" connectedRoomId="0" x="9" y="11" room="" locked="0" chOpen="0x004F" chLocked="0x00D8"/>
				<Door id="63" connectedDoorId="0" connectedRoomId="0" x="0" y="4" room="" locked="0" chOpen="0x004F" chLocked="0x00D8"/>
			</Doors>
			<Enemies>
				<Enemy label="Wolf" x="2" y="1"/>
			</Enemies>
			<Loots>
				<Loot x="8" y="5" type="scroll" label="Guiding Light"/>
				<Loot x="1" y="10" type="scroll" label="Aura Burn"/>
				<Loot x="7" y="4" type="herb" label="Miraculous Herbs"/>
			</Loots>
		</Room>
		<Room id="12" label="" x="76" y="48" width="11" height="15" chWall="0x2593" chFloor="0x00B7">
			<Doors>
				<Door id="8" connectedDoorId="0" connectedRoomId="0" x="1" y="14" room="" locked="1" chOpen="0x004F" chLocked="0x00D8"/>
				<Door id="31" connectedDoorId="32" connectedRoomId="20" x="0" y="1" room="" locked="1" chOpen="0x004F" chLocked="0x00D8"/>
				<Door id="42" connectedDoorId="0" connectedRoomId="0" x="1" y="0" room="" locked="1" chOpen="0x004F" chLocked="0x00D8"/>
			</Doors>
			<Enemies>
				<Enemy label="Goblin" x="4" y="9"/>
				<Enemy label="Wolf" x="1" y="1"/>
			</Enemies>
			<Loots>
				<Loot x="9" y="11" type="key" label="2"/>
				<Loot x="1" y="4" type="gp" label="5"/>
				<Loot x="3" y="6" type="weapon" label="Dagger"/>
			</Loots>
		</Room>
		<Room id="13" label="" x="50" y="73" width="8" height="15" chWall="0x2593" chFloor="0x00B7">
			<Doors>
				<Door id="12" connectedDoorId="0" connectedRoomId="0" x="0" y="4" room="" locked="1" chOpen="0x004F" chLocked="0x00D8"/>
				<Door id="13" connectedDoorId="14" connectedRoomId="5" x="6" y="0" room="" locked="1" chOpen="0x004F" chLocked="0x00D8"/>
				<Door id="33" connectedDoorId="34" connectedRoomId="23" x="7" y="8" room="" locked="0" chOpen="0x004F" chLocked="0x00D8"/>
				<Door id="56" connectedDoorId="0" connectedRoomId="0" x="0" y="11" room="" locked="0" chOpen="0x004F" chLocked="0x00D8"/>
			</Doors>
			<Enemies>
				<Enemy label="Lance Knight" x="5" y="1"/>
				<Enemy label="Goblin" x="4" y="6"/>
			</Enemies>
			<Loots>
				<Loot x="6" y="12" type="weapon" label="Bomb"/>
				<Loot x="1" y="1" type="scroll" label="Healing Word"/>
				<Loot x="4" y="8" type="scroll" label="Aura Burn"/>
			</Loots>
			<treasureChests>
				<Chest x="5" y="5" type="key" label="1"/>
			</treasureChests>
		</Room>
		<Room id="14" label="" x="32" y="36" width="5" height="7" chWall="0x2593" chFloor="0x00B7">
			<Doors>
				<Door id="35" connectedDoorId="36" connectedRoomId="20" x="4" y="5" room="" locked="1" chOpen="0x004F" chLocked="0x00D8"/>
				<Door id="51" connectedDoorId="0" connectedRoomId="0" x="1" y="6" room="" locked="1" chOpen="0x004F" chLocked="0x00D8"/>
				<Door id="52" connectedDoorId="53" connectedRoomId="4" x="1" y="0" room="" locked="0" chOpen="0x004F" chLocked="0x00D8"/>
			</Doors>
			<Enemies>
				<Enemy label="Lance Knight" x="3" y="4"/>
				<Enemy label="Goblin" x="3" y="1"/>
			</Enemies>
			<Loots>
				<Loot x="1" y="1" type="key" label="1"/>
				<Loot x="2" y="5" type="key" label="2"/>
				<Loot x="1" y="3" type="herb" label="Poison Herbs"/>
			</Loots>
		</Room>
		<Room id="15" label="" x="75" y="37" width="11" height="9" chWall="0x2593" chFloor="0x00B7">
			<Doors>
				<Door id="22" connectedDoorId="0" connectedRoomId="0" x="1" y="8" room="" locked="1" chOpen="0x004F" chLocked="0x00D8"/>
				<Door id="30" connectedDoorId="0" connectedRoomId="0" x="1" y="0" room="" locked="1" chOpen="0x004F" chLocked="0x00D8"/>
				<Door id="40" connectedDoorId="0" connectedRoomId="0" x="0" y="4" room="" locked="0" chOpen="0x004F" chLocked="0x00D8"/>
				<Door id="41" connectedDoorId="42" connectedRoomId="12" x="2" y="8" room="" locked="1" chOpen="0x004F" chLocked="0x00D8"/>
				<Door id="43" connectedDoorId="44" connectedRoomId="23" x="0" y="6" room="" locked="0" chOpen="0x004F" chLocked="0x00D8"/>
			</Doors>
			<Enemies>
				<Enemy label="Lance Knight" x="4" y="6"/>
				<Enemy label="Goblin" x="7" y="4"/>
			</Enemies>
			<Loots>
				<Loot x="6" y="7" type="gp" label="10"/>
				<Loot x="5" y="6" type="key" label="2"/>
				<Loot x="1" y="4" type="scroll" label="Healing Word"/>
			</Loots>
		</Room>
		<Room id="16" label="" x="80" y="23" width="11" height="6" chWall="0x2593" chFloor="0x00B7">
			<Doors>
				<Door id="24" connectedDoorId="0" connectedRoomId="0" x="1" y="5" room="" locked="1" chOpen="0x004F" chLocked="0x00D8"/>
				<Door id="46" connectedDoorId="47" connectedRoomId="6" x="0" y="1" room="" locked="0" chOpen="0x004F" chLocked="0x00D8"/>
			</Doors>
			<Enemies>
				<Enemy label="Wolf" x="7" y="3"/>
			</Enemies>
			<Loots>
				<Loot x="2" y="1" type="protection" label="Leather Armor"/>
			</Loots>
		</Room>
		<Room id="17" label="" x="47" y="55" width="15" height="5" chWall="0x2593" chFloor="0x00B7">
			<Doors>
				<Door id="16" connectedDoorId="0" connectedRoomId="0" x="9" y="4" room="" locked="1" chOpen="0x004F" chLocked="0x00D8"/>
				<Door id="17" connectedDoorId="18" connectedRoomId="20" x="9" y="0" room="" locked="1" chOpen="0x004F" chLocked="0x00D8"/>
				<Door id="50" connectedDoorId="51" connectedRoomId="14" x="0" y="2" room="" locked="0" chOpen="0x004F" chLocked="0x00D8"/>
			</Doors>
			<Enemies>
				<Enemy label="Goblin" x="1" y="1"/>
			</Enemies>
			<Loots>
				<Loot x="4" y="3" type="herb" label="Poison Herbs"/>
			</Loots>
		</Room>
		<Room id="18" label="" x="51" y="3" width="14" height="8" chWall="0x2593" chFloor="0x00B7">
			<Doors>
				<Door id="54" connectedDoorId="0" connectedRoomId="0" x="13" y="4" room="" locked="0" chOpen="0x004F" chLocked="0x00D8"/>
			</Doors>
			<Enemies>
				<Enemy label="Crossbow Goblin" x="1" y="2"/>
				<Enemy label="Goblin" x="1" y="4"/>
			</Enemies>
			<Loots>
				<Loot x="11" y="2" type="scroll" label="Guiding Light"/>
				<Loot x="11" y="4" type="gp" label="11"/>
				<Loot x="9" y="5" type="key" label="2"/>
				<Loot x="11" y="1" type="gp" label="1"/>
			</Loots>
			<treasureChests>
				<Chest x="8" y="1" type="key" label="2"/>
			</treasureChests>
		</Room>
		<Room id="19" label="" x="15" y="83" width="13" height="6" chWall="0x2593" chFloor="0x00B7">
			<Doors>
				<Door id="28" connectedDoorId="0" connectedRoomId="0" x="11" y="0" room="" locked="1" chOpen="0x004F" chLocked="0x00D8"/>
				<Door id="55" connectedDoorId="56" connectedRoomId="13" x="12" y="1" room="" locked="1" chOpen="0x004F" chLocked="0x00D8"/>
			</Doors>
			<Enemies>
				<Enemy label="Wolf" x="2" y="4"/>
			</Enemies>
			<Loots>
				<Loot x="8" y="4" type="weapon" label="Axe"/>
			</Loots>
		</Room>
		<Room id="20" label="" x="55" y="36" width="5" height="15" chWall="0x2593" chFloor="0x00B7">
			<Doors>
				<Door id="18" connectedDoorId="0" connectedRoomId="0" x="1" y="14" room="" locked="1" chOpen="0x004F" chLocked="0x00D8"/>
				<Door id="21" connectedDoorId="22" connectedRoomId="15" x="4" y="11" room="" locked="0" chOpen="0x004F" chLocked="0x00D8"/>
				<Door id="32" connectedDoorId="0" connectedRoomId="0" x="4" y="13" room="" locked="0" chOpen="0x004F" chLocked="0x00D8"/>
				<Door id="36" connectedDoorId="0" connectedRoomId="0" x="0" y="5" room="" locked="0" chOpen="0x004F" chLocked="0x00D8"/>
				<Door id="37" connectedDoorId="38" connectedRoomId="23" x="4" y="5" room="" locked="0" chOpen="0x004F" chLocked="0x00D8"/>
				<Door id="57" connectedDoorId="58" connectedRoomId="23" x="4" y="3" room="" locked="1" chOpen="0x004F" chLocked="0x00D8"/>
				<Door id="65" connectedDoorId="0" connectedRoomId="0" x="4" y="8" room="" locked="0" chOpen="0x004F" chLocked="0x00D8"/>
				<Door id="66" connectedDoorId="0" connectedRoomId="0" x="0" y="8" room="" locked="0" chOpen="0x004F" chLocked="0x00D8"/>
			</Doors>
			<Enemies>
				<Enemy label="Crossbow Goblin" x="1" y="9"/>
				<Enemy label="Lance Knight" x="2" y="2"/>
			</Enemies>
			<Loots>
				<Loot x="1" y="6" type="potion" label="Healing Potion"/>
				<Loot x="1" y="10" type="scroll" label="Magic Missle"/>
				<Loot x="2" y="3" type="weapon" label="Bow"/>
				<Loot x="2" y="1" type="gp" label="15"/>
			</Loots>
		</Room>
		<Room id="21" label="" x="11" y="67" width="10" height="8" chWall="0x2593" chFloor="0x00B7">
			<Doors>
				<Door id="6" connectedDoorId="0" connectedRoomId="0" x="8" y="0" room="" locked="1" chOpen="0x004F" chLocked="0x00D8"/>
				<Door id="59" connectedDoorId="60" connectedRoomId="5" x="9" y="2" room="" locked="0" chOpen="0x004F" chLocked="0x00D8"/>
			</Doors>
			<Enemies>
				<Enemy label="Crossbow Goblin" x="4" y="3"/>
				<Enemy label="Wolf" x="1" y="2"/>
			</Enemies>
			<Loots>
				<Loot x="8" y="3" type="weapon" label="Axe"/>
				<Loot x="4" y="2" type="key" label="1"/>
			</Loots>
		</Room>
		<Room id="22" label="" x="4" y="13" width="14" height="9" chWall="0x2593" chFloor="0x00B7">
			<Doors>
				<Door id="49" connectedDoorId="0" connectedRoomId="0" x="12" y="8" room="" locked="1" chOpen="0x004F" chLocked="0x00D8"/>
				<Door id="62" connectedDoorId="63" connectedRoomId="11" x="13" y="1" room="" locked="1" chOpen="0x004F" chLocked="0x00D8"/>
			</Doors>
			<Enemies>
				<Enemy label="Wolf" x="7" y="5"/>
			</Enemies>
			<Loots>
				<Loot x="1" y="4" type="protection" label="Leather Armor"/>
				<Loot x="4" y="5" type="potion" label="Healing Potion"/>
				<Loot x="12" y="3" type="potion" label="Mana Potion"/>
			</Loots>
			<treasureChests>
				<Chest x="7" y="1" type="gp" label="198"/>
			</treasureChests>
		</Room>
		<Room id="23" label="" x="66" y="37" width="7" height="10" chWall="0x2593" chFloor="0x00B7">
			<Doors>
				<Door id="34" connectedDoorId="0" connectedRoomId="0" x="1" y="9" room="" locked="0" chOpen="0x004F" chLocked="0x00D8"/>
				<Door id="38" connectedDoorId="0" connectedRoomId="0" x="0" y="4" room="" locked="1" chOpen="0x004F" chLocked="0x00D8"/>
				<Door id="39" connectedDoorId="40" connectedRoomId="15" x="6" y="4" room="" locked="1" chOpen="0x004F" chLocked="0x00D8"/>
				<Door id="44" connectedDoorId="45" connectedRoomId="11" x="6" y="6" room="" locked="1" chOpen="0x004F" chLocked="0x00D8"/>
				<Door id="58" connectedDoorId="0" connectedRoomId="0" x="0" y="2" room="" locked="1" chOpen="0x004F" chLocked="0x00D8"/>
				<Door id="64" connectedDoorId="65" connectedRoomId="20" x="0" y="7" room="" locked="0" chOpen="0x004F" chLocked="0x00D8"/>
			</Doors>
			<Enemies>
				<Enemy label="Lance Knight" x="1" y="6"/>
				<Enemy label="Wolf" x="4" y="8"/>
			</Enemies>
			<Loots>
				<Loot x="5" y="2" type="scroll" label="Aura Burn"/>
				<Loot x="5" y="3" type="herb" label="Miraculous Herbs"/>
				<Loot x="3" y="3" type="scroll" label="Aura Burn"/>
				<Loot x="2" y="8" type="gp" label="15"/>
			</Loots>
		</Room>
	</Rooms>
</Game>

